<?xml version="1.0" encoding="utf-8"?>
<!--/12839796/1350296/2.50/2/4/Connector/-->
<quadcept_library>
  <setting unit="mil" />
  <textstyle name="Default" height="47.244094488189" strokewidth="7.8740157480315" charwidth="47.244094488189" />
  <textstyle name="Dimension" height="19.6850393700787" strokewidth="0" charwidth="19.6850393700787" />
  <textstyle name="H127W0635TH00762" height="50" strokewidth="3" charwidth="25" />
  <textstyle name="H15W15TH02" height="59.0551181102362" strokewidth="7.8740157480315" charwidth="59.0551181102362" />
  <padstyle name="c100_h55" surface="False" plated="True" isvia="False" nopaste="True" nomask="True" complex="False" holesize="21.653543307086">
    <padshape layer="TOP" shape="round" width="39.370078740157" height="39.370078740157" />
    <padshape layer="TOP_SOLDER_MASK" shape="round" width="47.244094488188" height="47.244094488188" />
    <padshape layer="INNER" shape="round" width="39.370078740157" height="39.370078740157" />
    <padshape layer="BOTTOM" shape="round" width="39.370078740157" height="39.370078740157" />
    <padshape layer="BOTTOM_SOLDER_MASK" shape="round" width="47.244094488188" height="47.244094488188" />
  </padstyle>
  <footprint name="530470210" originx="0" originy="0" pickpointx="0" pickpointy="0">
    <pcbpin number="1" name="1" style="c100_h55" originx="0" originy="0" rotation="90" />
    <pcbpin number="2" name="2" style="c100_h55" originx="-49.212598425196" originy="0" rotation="90" />
    <line layer="TOP_ASSEMBLY" originx="-108.26771653543" originy="45.275590551181" endx="59.055118110235" endy="45.275590551181" width="7.8740157480314" />
    <line layer="TOP_ASSEMBLY" originx="59.055118110235" originy="45.275590551181" endx="59.055118110235" endy="-80.708661417322" width="7.8740157480314" />
    <line layer="TOP_ASSEMBLY" originx="59.055118110235" originy="-80.708661417322" endx="-108.26771653543" endy="-80.708661417322" width="7.8740157480314" />
    <line layer="TOP_ASSEMBLY" originx="-108.26771653543" originy="-80.708661417322" endx="-108.26771653543" endy="45.275590551181" width="7.8740157480314" />
    <line layer="TOP_SILKSCREEN" originx="-108.26771653543" originy="45.275590551181" endx="59.055118110235" endy="45.275590551181" width="3.9370078740157" />
    <line layer="TOP_SILKSCREEN" originx="59.055118110235" originy="45.275590551181" endx="59.055118110235" endy="-80.708661417322" width="3.9370078740157" />
    <line layer="TOP_SILKSCREEN" originx="59.055118110235" originy="-80.708661417322" endx="-108.26771653543" endy="-80.708661417322" width="3.9370078740157" />
    <line layer="TOP_SILKSCREEN" originx="-108.26771653543" originy="-80.708661417322" endx="-108.26771653543" endy="45.275590551181" width="3.9370078740157" />
    <line layer="TOP_PLACE_BOUND" originx="-147.63779527559" originy="84.645669291338" endx="140.74803149606" endy="84.645669291338" width="3.9370078740157" />
    <line layer="TOP_PLACE_BOUND" originx="140.74803149606" originy="84.645669291338" endx="140.74803149606" endy="-120.07874015748" width="3.9370078740157" />
    <line layer="TOP_PLACE_BOUND" originx="140.74803149606" originy="-120.07874015748" endx="-147.63779527559" endy="-120.07874015748" width="3.9370078740157" />
    <line layer="TOP_PLACE_BOUND" originx="-147.63779527559" originy="-120.07874015748" endx="-147.63779527559" endy="84.645669291338" width="3.9370078740157" />
    <line layer="TOP_SILKSCREEN" originx="93.503937007873" originy="0" endx="93.503937007873" endy="0" width="7.8740157480314" />
    <arc layer="TOP_SILKSCREEN" originx="97.440944881889" originy="0" startangle="180.0" sweepangle="180.0" radius="3.9370078740157" width="7.8740157480314" />
    <line layer="TOP_SILKSCREEN" originx="101.3779527559" originy="0" endx="101.3779527559" endy="0" width="7.8740157480314" />
    <arc layer="TOP_SILKSCREEN" originx="97.440944881889" originy="0" startangle=".0" sweepangle="180.0" radius="3.9370078740157" width="7.8740157480314" />
  </footprint>
  <symbol name="53047-0210" originx="0" originy="0">
    <line originx="200" originy="100" endx="600" endy="100" width="0" />
    <line originx="600" originy="-200" endx="600" endy="100" width="0" />
    <line originx="600" originy="-200" endx="200" endy="-200" width="0" />
    <line originx="200" originy="100" endx="200" endy="-200" width="0" />
    <sympin number="1" originx="200" originy="-100" rotation="180" length="100" width="7.8740157480315" flipped="False">
      <text name="pinname" originx="230" originy="-100" style="Default" rotation="0" justify="left" flipped="False" hidden="False" data="1" />
      <text name="pindes" originx="140" originy="-80" style="Default" rotation="0" justify="lowerright" flipped="False" hidden="False" data="1" />
    </sympin>
    <sympin number="2" originx="200" originy="0" rotation="180" length="100" width="7.8740157480315" flipped="False">
      <text name="pinname" originx="230" originy="0" style="Default" rotation="0" justify="left" flipped="False" hidden="False" data="2" />
      <text name="pindes" originx="140" originy="20" style="Default" rotation="0" justify="lowerright" flipped="False" hidden="False" data="2" />
    </sympin>
  </symbol>
  <component name="53047-0210" designatorprefix="J" height="173.22834645669" footprint="530470210">
    <comppin designator="1" sympin="1" pinswap="0" gateswap="0" gate="1" group="1" side="" type="Any" name="1" />
    <comppin designator="2" sympin="2" pinswap="0" gateswap="0" gate="1" group="1" side="" type="Any" name="2" />
    <attached_symbol gate="1" name="53047-0210" />
    <pinmap designator="1" footprintpin="1" />
    <pinmap designator="2" footprintpin="2" />
    <text name="Datasheet" originx="0" originy="0" style="Default" rotation="0" justify="" flipped="False" hidden="True" data="https://componentsearchengine.com/Datasheets/2/53047-0210.pdf" />
    <text name="Description" originx="0" originy="0" style="Default" rotation="0" justify="" flipped="False" hidden="True" data="Headers &amp; Wire Housings VERTICAL HDR 2P" />
    <text name="Mouser Part Number" originx="0" originy="0" style="Default" rotation="0" justify="" flipped="False" hidden="True" data="538-53047-0210" />
    <text name="Mouser Price/Stock" originx="0" originy="0" style="Default" rotation="0" justify="" flipped="False" hidden="True" data="https://www.mouser.co.uk/ProductDetail/Molex/53047-0210?qs=M5Ic86%252BuP8b8FQrTwriyOw%3D%3D" />
    <text name="Manufacturer_Name" originx="0" originy="0" style="Default" rotation="0" justify="" flipped="False" hidden="True" data="Molex" />
    <text name="Manufacturer_Part_Number" originx="650" originy="200" style="Default" rotation="0" justify="left" flipped="False" hidden="False" data="53047-0210" />
  </component>
</quadcept_library>
