<?xml version="1.0" encoding="utf-8"?>
<!--/17382067/1350296/2.50/4/4/Integrated Circuit/-->
<quadcept_library>
  <setting unit="mil" />
  <textstyle name="Default" height="47.244094488189" strokewidth="7.8740157480315" charwidth="47.244094488189" />
  <textstyle name="Dimension" height="19.6850393700787" strokewidth="0" charwidth="19.6850393700787" />
  <textstyle name="H127W0635TH00762" height="50" strokewidth="3" charwidth="25" />
  <textstyle name="H15W15TH02" height="59.0551181102362" strokewidth="7.8740157480315" charwidth="59.0551181102362" />
  <padstyle name="r50_30" surface="True" plated="False" isvia="False" nopaste="False" nomask="True" complex="False" holesize="0">
    <padshape layer="TOP" shape="rectangle" width="11.811023622047" height="19.685039370078" />
    <padshape layer="TOP_SOLDER_MASK" shape="rectangle" width="19.685039370078" height="27.55905511811" />
    <padshape layer="TOP_SOLDER_PASTE" shape="rectangle" width="11.811023622047" height="19.685039370078" />
  </padstyle>
  <footprint name="SHT40IHD1BR2" originx="0" originy="0" pickpointx="0" pickpointy="0">
    <pcbpin number="1" name="1" style="r50_30" originx="-27.55905511811" originy="15.748031496063" rotation="90" />
    <pcbpin number="2" name="2" style="r50_30" originx="-27.55905511811" originy="-15.748031496063" rotation="90" />
    <pcbpin number="3" name="3" style="r50_30" originx="27.55905511811" originy="-15.748031496063" rotation="90" />
    <pcbpin number="4" name="4" style="r50_30" originx="27.55905511811" originy="15.748031496063" rotation="90" />
    <line layer="TOP_ASSEMBLY" originx="-29.527559055118" originy="29.527559055118" endx="29.527559055118" endy="29.527559055118" width="3.9370078740157" />
    <line layer="TOP_ASSEMBLY" originx="29.527559055118" originy="29.527559055118" endx="29.527559055118" endy="-29.527559055118" width="3.9370078740157" />
    <line layer="TOP_ASSEMBLY" originx="29.527559055118" originy="-29.527559055118" endx="-29.527559055118" endy="-29.527559055118" width="3.9370078740157" />
    <line layer="TOP_ASSEMBLY" originx="-29.527559055118" originy="-29.527559055118" endx="-29.527559055118" endy="29.527559055118" width="3.9370078740157" />
    <line layer="TOP_PLACE_BOUND" originx="-76.771653543306" originy="68.897637795275" endx="76.771653543306" endy="68.897637795275" width="3.9370078740157" />
    <line layer="TOP_PLACE_BOUND" originx="76.771653543306" originy="68.897637795275" endx="76.771653543306" endy="-68.897637795275" width="3.9370078740157" />
    <line layer="TOP_PLACE_BOUND" originx="76.771653543306" originy="-68.897637795275" endx="-76.771653543306" endy="-68.897637795275" width="3.9370078740157" />
    <line layer="TOP_PLACE_BOUND" originx="-76.771653543306" originy="-68.897637795275" endx="-76.771653543306" endy="68.897637795275" width="3.9370078740157" />
    <line layer="TOP_SILKSCREEN" originx="-55.11811023622" originy="19.685039370078" endx="-55.11811023622" endy="19.685039370078" width="7.8740157480314" />
    <arc layer="TOP_SILKSCREEN" originx="-55.11811023622" originy="15.748031496063" startangle="90.0" sweepangle="180.0" radius="3.9370078740157" width="7.8740157480314" />
    <line layer="TOP_SILKSCREEN" originx="-55.11811023622" originy="11.811023622047" endx="-55.11811023622" endy="11.811023622047" width="7.8740157480314" />
    <arc layer="TOP_SILKSCREEN" originx="-55.11811023622" originy="15.748031496063" startangle="-90.0" sweepangle="180.0" radius="3.9370078740157" width="7.8740157480314" />
    <line layer="TOP_SILKSCREEN" originx="-11.811023622047" originy="-29.527559055118" endx="11.811023622047" endy="-29.527559055118" width="7.8740157480314" />
    <line layer="TOP_SILKSCREEN" originx="-11.811023622047" originy="29.527559055118" endx="11.811023622047" endy="29.527559055118" width="7.8740157480314" />
  </footprint>
  <symbol name="SHT40I-HD1B-R2" originx="0" originy="0">
    <line originx="200" originy="100" endx="1000" endy="100" width="0" />
    <line originx="1000" originy="-200" endx="1000" endy="100" width="0" />
    <line originx="1000" originy="-200" endx="200" endy="-200" width="0" />
    <line originx="200" originy="100" endx="200" endy="-200" width="0" />
    <sympin number="1" originx="200" originy="0" rotation="180" length="100" width="7.8740157480315" flipped="False">
      <text name="pinname" originx="230" originy="0" style="Default" rotation="0" justify="left" flipped="False" hidden="False" data="AOUT-RH" />
      <text name="pindes" originx="140" originy="20" style="Default" rotation="0" justify="lowerright" flipped="False" hidden="False" data="1" />
    </sympin>
    <sympin number="2" originx="200" originy="-100" rotation="180" length="100" width="7.8740157480315" flipped="False">
      <text name="pinname" originx="230" originy="-100" style="Default" rotation="0" justify="left" flipped="False" hidden="False" data="AOUT-T" />
      <text name="pindes" originx="140" originy="-80" style="Default" rotation="0" justify="lowerright" flipped="False" hidden="False" data="2" />
    </sympin>
    <sympin number="3" originx="1000" originy="-100" rotation="0" length="100" width="7.8740157480315" flipped="False">
      <text name="pinname" originx="970" originy="-100" style="Default" rotation="0" justify="right" flipped="False" hidden="False" data="VDD" />
      <text name="pindes" originx="1060" originy="-80" style="Default" rotation="0" justify="lowerleft" flipped="False" hidden="False" data="3" />
    </sympin>
    <sympin number="4" originx="1000" originy="0" rotation="0" length="100" width="7.8740157480315" flipped="False">
      <text name="pinname" originx="970" originy="0" style="Default" rotation="0" justify="right" flipped="False" hidden="False" data="VSS" />
      <text name="pindes" originx="1060" originy="20" style="Default" rotation="0" justify="lowerleft" flipped="False" hidden="False" data="4" />
    </sympin>
  </symbol>
  <component name="SHT40I-HD1B-R2" designatorprefix="IC" height="23.228346456693" footprint="SHT40IHD1BR2">
    <comppin designator="1" sympin="1" pinswap="0" gateswap="0" gate="1" group="1" side="" type="Any" name="AOUT-RH" />
    <comppin designator="2" sympin="2" pinswap="0" gateswap="0" gate="1" group="1" side="" type="Any" name="AOUT-T" />
    <comppin designator="3" sympin="3" pinswap="0" gateswap="0" gate="1" group="1" side="" type="Any" name="VDD" />
    <comppin designator="4" sympin="4" pinswap="0" gateswap="0" gate="1" group="1" side="" type="Any" name="VSS" />
    <attached_symbol gate="1" name="SHT40I-HD1B-R2" />
    <pinmap designator="1" footprintpin="1" />
    <pinmap designator="2" footprintpin="2" />
    <pinmap designator="3" footprintpin="3" />
    <pinmap designator="4" footprintpin="4" />
    <text name="Datasheet" originx="0" originy="0" style="Default" rotation="0" justify="" flipped="False" hidden="True" data="https://www.arrow.com/en/products/sht40i-hd1b-r2/sensirion-ag?region=nac" />
    <text name="Description" originx="0" originy="0" style="Default" rotation="0" justify="" flipped="False" hidden="True" data="Board Mount Humidity Sensors SHT40I-HD1B-R2 2.5kpcsHum. &amp; Temp. IC" />
    <text name="Mouser Part Number" originx="0" originy="0" style="Default" rotation="0" justify="" flipped="False" hidden="True" data="403-SHT40I-HD1B-R2" />
    <text name="Mouser Price/Stock" originx="0" originy="0" style="Default" rotation="0" justify="" flipped="False" hidden="True" data="https://www.mouser.co.uk/ProductDetail/Sensirion/SHT40I-HD1B-R2?qs=T%252BzbugeAwjjEpn3Km0P29Q%3D%3D" />
    <text name="Manufacturer_Name" originx="0" originy="0" style="Default" rotation="0" justify="" flipped="False" hidden="True" data="Sensirion" />
    <text name="Manufacturer_Part_Number" originx="1050" originy="200" style="Default" rotation="0" justify="left" flipped="False" hidden="False" data="SHT40I-HD1B-R2" />
  </component>
</quadcept_library>
