<?xml version="1.0" encoding="utf-8"?>
<!--/554572/1350296/2.50/2/4/Connector/-->
<quadcept_library>
  <setting unit="mil" />
  <textstyle name="Default" height="47.244094488189" strokewidth="7.8740157480315" charwidth="47.244094488189" />
  <textstyle name="Dimension" height="19.6850393700787" strokewidth="0" charwidth="19.6850393700787" />
  <textstyle name="H127W0635TH00762" height="50" strokewidth="3" charwidth="25" />
  <textstyle name="H15W15TH02" height="59.0551181102362" strokewidth="7.8740157480315" charwidth="59.0551181102362" />
  <padstyle name="s157.5_h105" surface="False" plated="True" isvia="False" nopaste="True" nomask="True" complex="False" holesize="41.338582677165">
    <padshape layer="TOP" shape="square" width="62.007874015747" height="62.007874015747" />
    <padshape layer="TOP_SOLDER_MASK" shape="square" width="69.881889763779" height="69.881889763779" />
    <padshape layer="INNER" shape="square" width="62.007874015747" height="62.007874015747" />
    <padshape layer="BOTTOM" shape="square" width="62.007874015747" height="62.007874015747" />
    <padshape layer="BOTTOM_SOLDER_MASK" shape="square" width="69.881889763779" height="69.881889763779" />
  </padstyle>
  <padstyle name="c157.5_h105" surface="False" plated="True" isvia="False" nopaste="True" nomask="True" complex="False" holesize="41.338582677165">
    <padshape layer="TOP" shape="round" width="62.007874015747" height="62.007874015747" />
    <padshape layer="TOP_SOLDER_MASK" shape="round" width="69.881889763779" height="69.881889763779" />
    <padshape layer="INNER" shape="round" width="62.007874015747" height="62.007874015747" />
    <padshape layer="BOTTOM" shape="round" width="62.007874015747" height="62.007874015747" />
    <padshape layer="BOTTOM_SOLDER_MASK" shape="round" width="69.881889763779" height="69.881889763779" />
  </padstyle>
  <padstyle name="c65_h130" surface="False" plated="True" isvia="False" nopaste="True" nomask="True" complex="False" holesize="51.181102362204">
    <padshape layer="TOP" shape="round" width="25.590551181102" height="25.590551181102" />
    <padshape layer="TOP_SOLDER_MASK" shape="round" width="33.464566929133" height="33.464566929133" />
    <padshape layer="INNER" shape="round" width="25.590551181102" height="25.590551181102" />
    <padshape layer="BOTTOM" shape="round" width="25.590551181102" height="25.590551181102" />
    <padshape layer="BOTTOM_SOLDER_MASK" shape="round" width="33.464566929133" height="33.464566929133" />
  </padstyle>
  <footprint name="B2BXHAMLFSN" originx="0" originy="0" pickpointx="0" pickpointy="0">
    <pcbpin number="1" name="1" style="s157.5_h105" originx="0" originy="0" rotation="90" />
    <pcbpin number="2" name="2" style="c157.5_h105" originx="-98.425196850392" originy="0" rotation="90" />
    <pcbpin number="3" name="MH1" style="c65_h130" originx="62.992125984251" originy="78.740157480314" rotation="90" />
    <line layer="TOP_ASSEMBLY" originx="-194.88188976378" originy="-92.519685039369" endx="96.456692913385" endy="-92.519685039369" width="7.8740157480314" />
    <line layer="TOP_ASSEMBLY" originx="96.456692913385" originy="-92.519685039369" endx="96.456692913385" endy="133.85826771653" width="7.8740157480314" />
    <line layer="TOP_ASSEMBLY" originx="96.456692913385" originy="133.85826771653" endx="-194.88188976378" endy="133.85826771653" width="7.8740157480314" />
    <line layer="TOP_ASSEMBLY" originx="-194.88188976378" originy="133.85826771653" endx="-194.88188976378" endy="-92.519685039369" width="7.8740157480314" />
    <line layer="TOP_SILKSCREEN" originx="96.456692913385" originy="133.85826771653" endx="-194.88188976378" endy="133.85826771653" width="3.9370078740157" />
    <line layer="TOP_SILKSCREEN" originx="-194.88188976378" originy="133.85826771653" endx="-194.88188976378" endy="133.85826771653" width="3.9370078740157" />
    <line layer="TOP_SILKSCREEN" originx="-194.88188976378" originy="133.85826771653" endx="96.456692913385" endy="133.85826771653" width="3.9370078740157" />
    <line layer="TOP_SILKSCREEN" originx="96.456692913385" originy="133.85826771653" endx="96.456692913385" endy="133.85826771653" width="3.9370078740157" />
    <line layer="TOP_SILKSCREEN" originx="-194.88188976378" originy="-92.519685039369" endx="96.456692913385" endy="-92.519685039369" width="3.9370078740157" />
    <line layer="TOP_SILKSCREEN" originx="96.456692913385" originy="-92.519685039369" endx="96.456692913385" endy="-92.519685039369" width="3.9370078740157" />
    <line layer="TOP_SILKSCREEN" originx="96.456692913385" originy="-92.519685039369" endx="-194.88188976378" endy="-92.519685039369" width="3.9370078740157" />
    <line layer="TOP_SILKSCREEN" originx="-194.88188976378" originy="-92.519685039369" endx="-194.88188976378" endy="-92.519685039369" width="3.9370078740157" />
    <line layer="TOP_PLACE_BOUND" originx="-234.25196850393" originy="173.22834645669" endx="135.82677165354" endy="173.22834645669" width="3.9370078740157" />
    <line layer="TOP_PLACE_BOUND" originx="135.82677165354" originy="173.22834645669" endx="135.82677165354" endy="-131.88976377953" width="3.9370078740157" />
    <line layer="TOP_PLACE_BOUND" originx="135.82677165354" originy="-131.88976377953" endx="-234.25196850393" endy="-131.88976377953" width="3.9370078740157" />
    <line layer="TOP_PLACE_BOUND" originx="-234.25196850393" originy="-131.88976377953" endx="-234.25196850393" endy="173.22834645669" width="3.9370078740157" />
    <line layer="TOP_SILKSCREEN" originx="96.456692913385" originy="118.11023622047" endx="96.456692913385" endy="118.11023622047" width="3.9370078740157" />
    <line layer="TOP_SILKSCREEN" originx="96.456692913385" originy="118.11023622047" endx="96.456692913385" endy="133.85826771653" width="3.9370078740157" />
    <line layer="TOP_SILKSCREEN" originx="96.456692913385" originy="133.85826771653" endx="96.456692913385" endy="133.85826771653" width="3.9370078740157" />
    <line layer="TOP_SILKSCREEN" originx="96.456692913385" originy="133.85826771653" endx="96.456692913385" endy="118.11023622047" width="3.9370078740157" />
    <line layer="TOP_SILKSCREEN" originx="-194.88188976378" originy="133.85826771653" endx="-194.88188976378" endy="133.85826771653" width="3.9370078740157" />
    <line layer="TOP_SILKSCREEN" originx="-194.88188976378" originy="133.85826771653" endx="-194.88188976378" endy="-92.519685039369" width="3.9370078740157" />
    <line layer="TOP_SILKSCREEN" originx="-194.88188976378" originy="-92.519685039369" endx="-194.88188976378" endy="-92.519685039369" width="3.9370078740157" />
    <line layer="TOP_SILKSCREEN" originx="-194.88188976378" originy="-92.519685039369" endx="-194.88188976378" endy="133.85826771653" width="3.9370078740157" />
    <line layer="TOP_SILKSCREEN" originx="96.456692913385" originy="-92.519685039369" endx="96.456692913385" endy="-92.519685039369" width="3.9370078740157" />
    <line layer="TOP_SILKSCREEN" originx="96.456692913385" originy="-92.519685039369" endx="96.456692913385" endy="39.370078740157" width="3.9370078740157" />
    <line layer="TOP_SILKSCREEN" originx="96.456692913385" originy="39.370078740157" endx="96.456692913385" endy="39.370078740157" width="3.9370078740157" />
    <line layer="TOP_SILKSCREEN" originx="96.456692913385" originy="39.370078740157" endx="96.456692913385" endy="-92.519685039369" width="3.9370078740157" />
  </footprint>
  <symbol name="B2B-XH-AM_LF__SN_" originx="0" originy="0">
    <line originx="200" originy="100" endx="600" endy="100" width="0" />
    <line originx="600" originy="-200" endx="600" endy="100" width="0" />
    <line originx="600" originy="-200" endx="200" endy="-200" width="0" />
    <line originx="200" originy="100" endx="200" endy="-200" width="0" />
    <sympin number="1" originx="200" originy="-100" rotation="180" length="100" width="7.8740157480315" flipped="False">
      <text name="pinname" originx="230" originy="-100" style="Default" rotation="0" justify="left" flipped="False" hidden="False" data="1" />
      <text name="pindes" originx="140" originy="-80" style="Default" rotation="0" justify="lowerright" flipped="False" hidden="False" data="1" />
    </sympin>
    <sympin number="2" originx="200" originy="0" rotation="180" length="100" width="7.8740157480315" flipped="False">
      <text name="pinname" originx="230" originy="0" style="Default" rotation="0" justify="left" flipped="False" hidden="False" data="2" />
      <text name="pindes" originx="140" originy="20" style="Default" rotation="0" justify="lowerright" flipped="False" hidden="False" data="2" />
    </sympin>
  </symbol>
  <component name="B2B-XH-AM_LF__SN_" designatorprefix="J" height="275.5905511811" footprint="B2BXHAMLFSN">
    <comppin designator="1" sympin="1" pinswap="0" gateswap="0" gate="1" group="1" side="" type="Any" name="1" />
    <comppin designator="2" sympin="2" pinswap="0" gateswap="0" gate="1" group="1" side="" type="Any" name="2" />
    <attached_symbol gate="1" name="B2B-XH-AM_LF__SN_" />
    <pinmap designator="1" footprintpin="1" />
    <pinmap designator="2" footprintpin="2" />
    <text name="Datasheet" originx="0" originy="0" style="Default" rotation="0" justify="" flipped="False" hidden="True" data="https://www.jst-mfg.com/product/pdf/eng/eXH.pdf" />
    <text name="Description" originx="0" originy="0" style="Default" rotation="0" justify="" flipped="False" hidden="True" data="CONN HEADER VERT 2POS 2.5MM" />
    <text name="Mouser Part Number" originx="0" originy="0" style="Default" rotation="0" justify="" flipped="False" hidden="True" data="306-B2B-XH-AMLFSNP" />
    <text name="Mouser Price/Stock" originx="0" originy="0" style="Default" rotation="0" justify="" flipped="False" hidden="True" data="https://www.mouser.co.uk/ProductDetail/JST-Commercial/B2B-XH-AMLFSN?qs=cdbOS8ANM9BJgHgwB7WxQw%3D%3D" />
    <text name="Manufacturer_Name" originx="0" originy="0" style="Default" rotation="0" justify="" flipped="False" hidden="True" data="JST (JAPAN SOLDERLESS TERMINALS)" />
    <text name="Manufacturer_Part_Number" originx="650" originy="200" style="Default" rotation="0" justify="left" flipped="False" hidden="False" data="B2B-XH-AM(LF)(SN)" />
  </component>
</quadcept_library>
